88,AH-6F0EC1
89,AH-683309
110,AH-2DA87F
111,AH-CEA4DD
112,AH-24402B
113,AH-EE1E1B
114,AH-7E770D
115,AH-949AF8
116,AH-B7B0FF
90,AH-C8EEE9
117,AH-3CD520
91,AH-B027D0
118,AH-61C5A4
92,AH-92FBB1
119,AH-AD4406
93,AH-A24413
94,AH-D9E9BB
95,AH-24B29E
96,AH-A142BF
97,AH-48A577
10,AH-88675A
98,AH-A77236
11,AH-E39E10
99,AH-EA02B6
12,AH-73E1C0
13,AH-FC2312
14,AH-1053CF
15,AH-F4B00E
16,AH-348DB4
17,AH-F5A487
18,AH-497D0D
19,AH-8F72B1
120,AH-1049FE
0,AH-6BBC3F
121,AH-696BC5
1,AH-BAC76A
122,AH-B66A44
2,AH-33C830
123,AH-3EEAEF
3,AH-682C4D
124,AH-1AF1A9
4,AH-CDC4AF
125,AH-23F1AB
5,AH-8F0808
126,AH-300ACE
6,AH-AD50DD
127,AH-BC8D18
7,AH-442659
128,AH-E60988
8,AH-5D4C9F
129,AH-E1274C
9,AH-1D730B
20,AH-1B5571
21,AH-517F00
22,AH-4931D8
23,AH-6F4A52
24,AH-915A4B
25,AH-E97636
26,AH-B34E3E
27,AH-87EFF1
28,AH-784E78
29,AH-CB919B
130,AH-B51496
131,AH-552EA8
132,AH-B955E2
133,AH-BE246F
134,AH-871E6A
135,AH-F80203
136,AH-284891
137,AH-B6857E
138,AH-4015F4
139,AH-3B110B
30,AH-8352CB
31,AH-D1D46E
32,AH-729F71
33,AH-A674BA
34,AH-6F7DC8
35,AH-71979D
36,AH-42DD1B
37,AH-4F81D4
38,AH-CAD4EE
39,AH-11EBCB
140,AH-554403
141,AH-6CF197
142,AH-6CE6B9
143,AH-17B4F9
144,AH-E52C99
145,AH-9C76A4
146,AH-69F88A
147,AH-507CF9
148,AH-43D102
149,AH-1757D8
40,AH-F80C9B
41,AH-ABE372
42,AH-C11026
43,AH-BB3891
44,AH-9A0229
45,AH-6E30DF
46,AH-F33C40
47,AH-86B0CF
48,AH-8CD674
49,AH-ED2CBA
150,AH-585AE2
151,AH-AAF93A
152,AH-5664BC
153,AH-80BE57
154,AH-CFE4BA
155,AH-6A9BA3
156,AH-30C24E
50,AH-D7F6C9
51,AH-22F9D2
52,AH-E8F7F8
53,AH-C45C1D
54,AH-2C9254
55,AH-99D90F
56,AH-EC0E64
57,AH-9827FF
58,AH-3F84F6
59,AH-910379
60,AH-F5E781
61,AH-D421D7
62,AH-CE78B7
63,AH-1E68C8
64,AH-7B9EF3
65,AH-561FA0
66,AH-A57039
67,AH-128F47
68,AH-B57B7E
69,AH-F372C8
70,AH-8EEFE8
71,AH-7CADB3
72,AH-91422E
73,AH-91C0A5
74,AH-893E60
75,AH-43CB02
76,AH-BB03A2
77,AH-123A7B
78,AH-90D4E4
79,AH-7C5520
100,AH-330995
101,AH-C35999
102,AH-966FA7
103,AH-8CAEBB
104,AH-76EFB3
105,AH-43FAFA
106,AH-A27515
80,AH-F80EB1
107,AH-B4DFCD
81,AH-A75E3A
108,AH-771E69
82,AH-BE4313
109,AH-6F6D86
83,AH-FF1CF8
84,AH-A119DD
85,AH-EA486D
86,AH-74573B
87,AH-F6B765
